file_name,NOSE_x,NOSE_y,NOSE_score,LEFT_EYE_x,LEFT_EYE_y,LEFT_EYE_score,RIGHT_EYE_x,RIGHT_EYE_y,RIGHT_EYE_score,LEFT_EAR_x,LEFT_EAR_y,LEFT_EAR_score,RIGHT_EAR_x,RIGHT_EAR_y,RIGHT_EAR_score,LEFT_SHOULDER_x,LEFT_SHOULDER_y,LEFT_SHOULDER_score,RIGHT_SHOULDER_x,RIGHT_SHOULDER_y,RIGHT_SHOULDER_score,LEFT_ELBOW_x,LEFT_ELBOW_y,LEFT_ELBOW_score,RIGHT_ELBOW_x,RIGHT_ELBOW_y,RIGHT_ELBOW_score,LEFT_WRIST_x,LEFT_WRIST_y,LEFT_WRIST_score,RIGHT_WRIST_x,RIGHT_WRIST_y,RIGHT_WRIST_score,LEFT_HIP_x,LEFT_HIP_y,LEFT_HIP_score,RIGHT_HIP_x,RIGHT_HIP_y,RIGHT_HIP_score,LEFT_KNEE_x,LEFT_KNEE_y,LEFT_KNEE_score,RIGHT_KNEE_x,RIGHT_KNEE_y,RIGHT_KNEE_score,LEFT_ANKLE_x,LEFT_ANKLE_y,LEFT_ANKLE_score,RIGHT_ANKLE_x,RIGHT_ANKLE_y,RIGHT_ANKLE_score,class_no,class_name
squat_end/image_56.png,249.0,89.0,0.5767612,264.0,84.0,0.7161125,236.0,85.0,0.7029257,285.0,117.0,0.49686942,220.0,117.0,0.7625436,324.0,192.0,0.90036815,183.0,190.0,0.8099603,313.0,308.0,0.7862111,178.0,310.0,0.94152623,289.0,218.0,0.57030237,200.0,209.0,0.8026113,283.0,356.0,0.77508116,209.0,355.0,0.8123524,348.0,384.0,0.7624231,147.0,376.0,0.87887365,344.0,550.0,0.8761939,158.0,555.0,0.8888521,0,squat_end
squat_end/image_57.png,197.0,71.0,0.5909379,209.0,64.0,0.8085304,182.0,64.0,0.82948893,226.0,82.0,0.67368215,165.0,84.0,0.8480556,269.0,162.0,0.82776004,126.0,163.0,0.9075963,270.0,281.0,0.57245666,136.0,287.0,0.7183321,237.0,186.0,0.80367076,159.0,192.0,0.62292075,241.0,324.0,0.6181743,174.0,326.0,0.8176406,301.0,323.0,0.67672527,116.0,326.0,0.8531975,296.0,499.0,0.79401404,111.0,497.0,0.9075754,0,squat_end
squat_start/image_51.png,140.0,53.0,0.6448164,151.0,48.0,0.5101249,128.0,47.0,0.56413347,164.0,62.0,0.6957623,108.0,64.0,0.5745607,198.0,119.0,0.9124718,69.0,123.0,0.8469116,219.0,201.0,0.7434401,55.0,204.0,0.85936975,167.0,120.0,0.82563704,98.0,119.0,0.816614,177.0,294.0,0.8248205,103.0,294.0,0.8616929,209.0,443.0,0.7511755,80.0,447.0,0.69206995,233.0,593.0,0.8749681,58.0,586.0,0.9134764,1,squat_start
squat_start/image_52.png,210.0,52.0,0.66072595,224.0,46.0,0.75047886,199.0,47.0,0.7483584,246.0,64.0,0.78311926,189.0,67.0,0.70228857,284.0,120.0,0.87999487,158.0,123.0,0.87750965,297.0,203.0,0.9292195,133.0,199.0,0.8650636,247.0,119.0,0.8039009,180.0,121.0,0.6005933,250.0,298.0,0.88051504,174.0,301.0,0.8351381,274.0,449.0,0.748366,146.0,443.0,0.751537,295.0,591.0,0.9068106,120.0,597.0,0.89372927,1,squat_start
