NOSE_x,NOSE_y,NOSE_score,LEFT_EYE_x,LEFT_EYE_y,LEFT_EYE_score,RIGHT_EYE_x,RIGHT_EYE_y,RIGHT_EYE_score,LEFT_EAR_x,LEFT_EAR_y,LEFT_EAR_score,RIGHT_EAR_x,RIGHT_EAR_y,RIGHT_EAR_score,LEFT_SHOULDER_x,LEFT_SHOULDER_y,LEFT_SHOULDER_score,RIGHT_SHOULDER_x,RIGHT_SHOULDER_y,RIGHT_SHOULDER_score,LEFT_ELBOW_x,LEFT_ELBOW_y,LEFT_ELBOW_score,RIGHT_ELBOW_x,RIGHT_ELBOW_y,RIGHT_ELBOW_score,LEFT_WRIST_x,LEFT_WRIST_y,LEFT_WRIST_score,RIGHT_WRIST_x,RIGHT_WRIST_y,RIGHT_WRIST_score,LEFT_HIP_x,LEFT_HIP_y,LEFT_HIP_score,RIGHT_HIP_x,RIGHT_HIP_y,RIGHT_HIP_score,LEFT_KNEE_x,LEFT_KNEE_y,LEFT_KNEE_score,RIGHT_KNEE_x,RIGHT_KNEE_y,RIGHT_KNEE_score,LEFT_ANKLE_x,LEFT_ANKLE_y,LEFT_ANKLE_score,RIGHT_ANKLE_x,RIGHT_ANKLE_y,RIGHT_ANKLE_score,class_name,class_no
343.0,134.0,0.8377372622489929,356.0,130.0,0.5628017783164978,325.0,128.0,0.80706387758255,369.0,156.0,0.7598277926445007,294.0,158.0,0.7970825433731079,413.0,229.0,0.9383119940757751,252.0,227.0,0.9427632689476013,447.0,338.0,0.8217751979827881,231.0,323.0,0.842957079410553,481.0,429.0,0.8968836069107056,259.0,404.0,0.8205071687698364,390.0,450.0,0.9011140465736389,285.0,449.0,0.8366041779518127,412.0,686.0,0.7406100630760193,256.0,692.0,0.7832927107810974,432.0,865.0,0.5746608376502991,240.0,866.0,0.5860409140586853,end,1
365.0,46.0,0.6318264603614807,386.0,45.0,0.5762576460838318,350.0,44.0,0.6777428984642029,410.0,85.0,0.740304708480835,325.0,83.0,0.6121922135353088,456.0,164.0,0.8970344662666321,280.0,174.0,0.7664753794670105,502.0,288.0,0.7773317694664001,250.0,289.0,0.8756633996963501,517.0,410.0,0.7559219002723694,230.0,406.0,0.8575107455253601,427.0,427.0,0.9307252764701843,307.0,424.0,0.7942243814468384,450.0,666.0,0.8744984269142151,296.0,676.0,0.8332787156105042,481.0,899.0,0.6536463499069214,292.0,907.0,0.8670240640640259,end,1
