NOSE_x,NOSE_y,NOSE_score,LEFT_EYE_x,LEFT_EYE_y,LEFT_EYE_score,RIGHT_EYE_x,RIGHT_EYE_y,RIGHT_EYE_score,LEFT_EAR_x,LEFT_EAR_y,LEFT_EAR_score,RIGHT_EAR_x,RIGHT_EAR_y,RIGHT_EAR_score,LEFT_SHOULDER_x,LEFT_SHOULDER_y,LEFT_SHOULDER_score,RIGHT_SHOULDER_x,RIGHT_SHOULDER_y,RIGHT_SHOULDER_score,LEFT_ELBOW_x,LEFT_ELBOW_y,LEFT_ELBOW_score,RIGHT_ELBOW_x,RIGHT_ELBOW_y,RIGHT_ELBOW_score,LEFT_WRIST_x,LEFT_WRIST_y,LEFT_WRIST_score,RIGHT_WRIST_x,RIGHT_WRIST_y,RIGHT_WRIST_score,LEFT_HIP_x,LEFT_HIP_y,LEFT_HIP_score,RIGHT_HIP_x,RIGHT_HIP_y,RIGHT_HIP_score,LEFT_KNEE_x,LEFT_KNEE_y,LEFT_KNEE_score,RIGHT_KNEE_x,RIGHT_KNEE_y,RIGHT_KNEE_score,LEFT_ANKLE_x,LEFT_ANKLE_y,LEFT_ANKLE_score,RIGHT_ANKLE_x,RIGHT_ANKLE_y,RIGHT_ANKLE_score,class_name,class_no
238.0,6.0,0.46354174613952637,242.0,3.0,0.5156838893890381,226.0,3.0,0.5002188682556152,246.0,8.0,0.5482305288314819,199.0,10.0,0.6204121112823486,299.0,92.0,0.9072510004043579,142.0,86.0,0.7905358076095581,347.0,218.0,0.8071514368057251,99.0,212.0,0.922684371471405,387.0,127.0,0.8134209513664246,70.0,102.0,0.7224222421646118,287.0,320.0,0.9246975779533386,179.0,318.0,0.7965728640556335,325.0,547.0,0.937079131603241,138.0,547.0,0.9024785161018372,359.0,753.0,0.61977219581604,92.0,742.0,0.8212026953697205,start,0
283.0,67.0,0.8724765777587891,297.0,64.0,0.6617686748504639,266.0,64.0,0.5638271570205688,318.0,98.0,0.8811840415000916,245.0,97.0,0.8261353373527527,365.0,170.0,0.8500997424125671,209.0,171.0,0.9117926359176636,408.0,275.0,0.8868532776832581,154.0,280.0,0.8750835061073303,451.0,193.0,0.9108436107635498,127.0,189.0,0.5382469892501831,331.0,356.0,0.8951293230056763,240.0,352.0,0.8656713962554932,411.0,386.0,0.7362595796585083,154.0,376.0,0.8245903253555298,397.0,582.0,0.789980947971344,162.0,567.0,0.7954212427139282,end,1
